,node,global_role
0,2,Global Peripheral
1,4,Global Peripheral
2,6,Global Peripheral
3,8,Global Peripheral
4,11,Global Peripheral
5,12,Global Peripheral
6,15,Global Peripheral
7,16,Global Peripheral
8,17,Global Peripheral
9,18,Global Peripheral
10,19,Global Peripheral
11,20,Global Peripheral
12,22,Global Peripheral
13,23,Global Peripheral
14,27,Global Peripheral
15,29,Global Peripheral
16,32,Global Peripheral
17,33,Global Peripheral
18,34,Global Peripheral
19,35,Global Peripheral
20,37,Global Peripheral
21,38,Global Peripheral
22,42,Global Peripheral
23,43,Global Peripheral
24,44,Global Peripheral
25,46,Global Peripheral
26,47,Global Peripheral
27,49,Global Peripheral
28,51,Global Peripheral
29,52,Global Peripheral
30,54,Global Peripheral
31,58,Global Peripheral
32,60,Global Peripheral
33,61,Global Peripheral
34,63,Global Peripheral
35,64,Global Peripheral
36,68,Global Peripheral
37,70,Global Peripheral
38,71,Global Peripheral
39,73,Global Peripheral
40,74,Global Peripheral
41,76,Global Peripheral
42,77,Global Peripheral
43,78,Global Peripheral
44,81,Global Peripheral
45,83,Global Peripheral
46,86,Global Peripheral
47,89,Global Peripheral
48,90,Global Peripheral
49,91,Global Peripheral
50,93,Global Peripheral
51,95,Global Peripheral
52,96,Global Peripheral
53,97,Global Peripheral
54,99,Global Peripheral
55,100,Global Peripheral
56,102,Global Peripheral
57,106,Global Peripheral
58,107,Global Core
59,107,Global Spreader
60,110,Global Peripheral
61,111,Global Peripheral
62,112,Global Peripheral
63,114,Global Peripheral
64,117,Global Peripheral
65,120,Global Peripheral
66,124,Global Peripheral
67,125,Global Peripheral
68,126,Global Peripheral
69,129,Global Peripheral
70,131,Global Peripheral
71,136,Global Hub
72,136,Global Spreader
73,137,Global Peripheral
74,138,Global Peripheral
75,139,Global Peripheral
76,140,Global Peripheral
77,143,Global Peripheral
78,145,Global Peripheral
79,146,Global Peripheral
80,147,Global Peripheral
81,150,Global Peripheral
82,151,Global Peripheral
83,152,Global Peripheral
84,153,Global Peripheral
85,154,Global Peripheral
86,155,Global Peripheral
87,157,Global Peripheral
88,160,Global Peripheral
89,162,Global Peripheral
90,163,Global Peripheral
91,164,Global Peripheral
92,166,Global Peripheral
93,167,Global Peripheral
94,168,Global Peripheral
95,171,Global Peripheral
96,173,Global Peripheral
97,174,Global Peripheral
98,175,Global Peripheral
99,177,Global Peripheral
100,179,Global Peripheral
101,181,Global Peripheral
102,182,Global Peripheral
103,183,Global Peripheral
104,189,Global Peripheral
105,190,Global Peripheral
106,191,Global Peripheral
107,192,Global Peripheral
108,193,Global Peripheral
109,195,Global Peripheral
110,198,Global Peripheral
111,201,Global Peripheral
112,202,Global Peripheral
113,205,Global Peripheral
114,206,Global Peripheral
115,207,Global Peripheral
116,208,Global Peripheral
117,209,Global Peripheral
118,210,Global Peripheral
119,214,Global Peripheral
120,215,Global Peripheral
121,216,Global Peripheral
122,217,Global Peripheral
123,218,Global Peripheral
124,219,Global Peripheral
125,220,Global Peripheral
126,221,Global Peripheral
127,225,Global Peripheral
128,227,Global Peripheral
129,228,Global Peripheral
130,229,Global Peripheral
131,230,Global Peripheral
132,233,Global Peripheral
133,234,Global Peripheral
134,235,Global Peripheral
135,237,Global Peripheral
136,240,Global Peripheral
137,241,Global Peripheral
138,243,Global Peripheral
139,244,Global Peripheral
140,245,Global Peripheral
141,247,Global Peripheral
142,250,Global Peripheral
143,253,Global Peripheral
144,255,Global Peripheral
145,256,Global Peripheral
146,259,Global Peripheral
147,260,Global Peripheral
148,262,Global Peripheral
149,263,Global Peripheral
150,264,Global Peripheral
151,267,Global Peripheral
152,269,Global Peripheral
153,270,Global Peripheral
154,273,Global Peripheral
155,275,Global Peripheral
156,278,Global Peripheral
157,279,Global Peripheral
158,282,Global Peripheral
159,283,Global Peripheral
160,286,Global Peripheral
161,287,Global Peripheral
162,288,Global Peripheral
163,289,Global Peripheral
164,292,Global Peripheral
165,293,Global Peripheral
166,294,Global Peripheral
167,296,Global Peripheral
168,300,Global Peripheral
169,301,Global Peripheral
170,305,Global Peripheral
171,306,Global Peripheral
172,307,Global Peripheral
173,310,Global Peripheral
174,311,Global Peripheral
175,316,Global Peripheral
176,317,Global Peripheral
177,319,Global Peripheral
178,321,Global Peripheral
179,327,Global Peripheral
180,328,Global Peripheral
181,333,Global Peripheral
182,335,Global Peripheral
183,336,Global Peripheral
184,337,Global Peripheral
185,338,Global Peripheral
186,340,Global Peripheral
187,344,Global Peripheral
188,347,Global Peripheral
189,1684,Global Spreader
190,1912,Global Hub
191,1912,Global Core
192,2814,Global Peripheral
193,2838,Global Peripheral
194,2885,Global Peripheral
195,3003,Global Peripheral
196,3290,Global Peripheral
197,483,Global Spreader
198,526,Global Spreader
199,649,Global Peripheral
200,896,Global Spreader
201,897,Global Spreader
202,899,Global Peripheral
203,902,Global Spreader
204,904,Global Peripheral
205,906,Global Spreader
206,909,Global Peripheral
207,910,Global Peripheral
208,911,Global Peripheral
209,912,Global Peripheral
210,916,Global Core
211,916,Global Spreader
212,917,Global Spreader
213,918,Global Peripheral
214,921,Global Spreader
215,923,Global Peripheral
216,925,Global Core
217,925,Global Spreader
218,927,Global Spreader
219,928,Global Peripheral
220,929,Global Peripheral
221,932,Global Spreader
222,934,Global Spreader
223,935,Global Peripheral
224,937,Global Peripheral
225,941,Global Spreader
226,942,Global Spreader
227,945,Global Peripheral
228,946,Global Core
229,946,Global Spreader
230,947,Global Core
231,947,Global Spreader
232,950,Global Peripheral
233,952,Global Spreader
234,953,Global Spreader
235,954,Global Spreader
236,955,Global Peripheral
237,956,Global Peripheral
238,957,Global Spreader
239,959,Global Spreader
240,960,Global Spreader
241,961,Global Peripheral
242,966,Global Core
243,966,Global Spreader
244,967,Global Spreader
245,974,Global Peripheral
246,975,Global Spreader
247,978,Global Spreader
248,979,Global Peripheral
249,980,Global Core
250,980,Global Spreader
251,981,Global Spreader
252,982,Global Spreader
253,983,Global Spreader
254,984,Global Spreader
255,985,Global Peripheral
256,987,Global Peripheral
257,988,Global Spreader
258,993,Global Core
259,993,Global Spreader
260,995,Global Spreader
261,996,Global Peripheral
262,997,Global Spreader
263,998,Global Peripheral
264,999,Global Spreader
265,1000,Global Peripheral
266,1002,Global Peripheral
267,1003,Global Spreader
268,1004,Global Core
269,1004,Global Spreader
270,1006,Global Core
271,1006,Global Spreader
272,1008,Global Peripheral
273,1009,Global Spreader
274,1014,Global Spreader
275,1016,Global Peripheral
276,1017,Global Core
277,1017,Global Spreader
278,1018,Global Spreader
279,1019,Global Spreader
280,1020,Global Spreader
281,1021,Global Spreader
282,1022,Global Peripheral
283,1023,Global Peripheral
284,1024,Global Spreader
285,1026,Global Spreader
286,1027,Global Peripheral
287,1028,Global Spreader
288,1029,Global Spreader
289,1030,Global Peripheral
290,1031,Global Peripheral
291,1032,Global Spreader
292,1034,Global Peripheral
293,1036,Global Spreader
294,1038,Global Peripheral
295,1040,Global Spreader
296,1043,Global Peripheral
297,1045,Global Peripheral
298,1046,Global Peripheral
299,1047,Global Spreader
300,1048,Global Spreader
301,1049,Global Spreader
302,1053,Global Peripheral
303,1054,Global Spreader
304,1056,Global Spreader
305,1057,Global Peripheral
306,1058,Global Peripheral
307,1059,Global Core
308,1059,Global Spreader
309,1060,Global Spreader
310,1061,Global Peripheral
311,1065,Global Peripheral
312,1066,Global Spreader
313,1067,Global Spreader
314,1068,Global Spreader
315,1071,Global Peripheral
316,1073,Global Peripheral
317,1074,Global Spreader
318,1075,Global Spreader
319,1076,Global Core
320,1076,Global Spreader
321,1078,Global Core
322,1078,Global Spreader
323,1079,Global Core
324,1079,Global Spreader
325,1082,Global Spreader
326,1083,Global Spreader
327,1086,Global Core
328,1086,Global Spreader
329,1087,Global Peripheral
330,1092,Global Spreader
331,1093,Global Peripheral
332,1096,Global Peripheral
333,1099,Global Spreader
334,1100,Global Spreader
335,1101,Global Core
336,1101,Global Spreader
337,1102,Global Spreader
338,1103,Global Peripheral
339,1104,Global Spreader
340,1105,Global Peripheral
341,1107,Global Core
342,1107,Global Spreader
343,1108,Global Spreader
344,1110,Global Spreader
345,1111,Global Peripheral
346,1112,Global Spreader
347,1115,Global Spreader
348,1117,Global Core
349,1117,Global Spreader
350,1119,Global Peripheral
351,1120,Global Spreader
352,1123,Global Spreader
353,1124,Global Core
354,1124,Global Spreader
355,1125,Global Core
356,1125,Global Spreader
357,1126,Global Core
358,1126,Global Spreader
359,1128,Global Spreader
360,1129,Global Spreader
361,1130,Global Spreader
362,1132,Global Core
363,1132,Global Spreader
364,1133,Global Peripheral
365,1134,Global Peripheral
366,1135,Global Spreader
367,1138,Global Peripheral
368,1140,Global Peripheral
369,1145,Global Peripheral
370,1146,Global Core
371,1146,Global Spreader
372,1147,Global Peripheral
373,1148,Global Spreader
374,1149,Global Spreader
375,1151,Global Peripheral
376,1153,Global Core
377,1153,Global Spreader
378,1154,Global Peripheral
379,1156,Global Spreader
380,1157,Global Peripheral
381,1158,Global Spreader
382,1160,Global Spreader
383,1162,Global Peripheral
384,1163,Global Spreader
385,1166,Global Spreader
386,1168,Global Peripheral
387,1172,Global Core
388,1172,Global Spreader
389,1173,Global Spreader
390,1175,Global Core
391,1175,Global Spreader
392,1176,Global Peripheral
393,1177,Global Peripheral
394,1180,Global Spreader
395,1181,Global Spreader
396,1182,Global Spreader
397,1184,Global Core
398,1184,Global Spreader
399,1185,Global Core
400,1185,Global Spreader
401,1190,Global Spreader
402,1191,Global Core
403,1191,Global Spreader
404,1192,Global Spreader
405,1193,Global Peripheral
406,1194,Global Peripheral
407,1195,Global Spreader
408,1197,Global Peripheral
409,1198,Global Spreader
410,1199,Global Core
411,1199,Global Spreader
412,1200,Global Peripheral
413,1201,Global Spreader
414,1202,Global Peripheral
415,1203,Global Peripheral
416,1204,Global Spreader
417,1205,Global Spreader
418,1206,Global Peripheral
419,1207,Global Spreader
420,1208,Global Peripheral
421,1209,Global Spreader
422,1211,Global Core
423,1211,Global Spreader
424,1214,Global Spreader
425,1218,Global Peripheral
426,1219,Global Spreader
427,1220,Global Peripheral
428,1221,Global Spreader
429,1222,Global Core
430,1222,Global Spreader
431,1224,Global Peripheral
432,1227,Global Spreader
433,1229,Global Spreader
434,1230,Global Core
435,1230,Global Spreader
436,1231,Global Spreader
437,1233,Global Peripheral
438,1235,Global Spreader
439,1238,Global Core
440,1238,Global Spreader
441,1239,Global Peripheral
442,1240,Global Peripheral
443,1242,Global Spreader
444,1243,Global Core
445,1243,Global Spreader
446,1248,Global Peripheral
447,1250,Global Core
448,1250,Global Spreader
449,1252,Global Peripheral
450,1253,Global Peripheral
451,1254,Global Peripheral
452,1255,Global Core
453,1255,Global Spreader
454,1256,Global Core
455,1256,Global Spreader
456,1257,Global Spreader
457,1261,Global Spreader
458,1262,Global Peripheral
459,1263,Global Peripheral
460,1264,Global Peripheral
461,1267,Global Core
462,1267,Global Spreader
463,1268,Global Peripheral
464,1269,Global Core
465,1269,Global Spreader
466,1270,Global Peripheral
467,1271,Global Spreader
468,1272,Global Spreader
469,1273,Global Spreader
470,1276,Global Peripheral
471,1277,Global Spreader
472,1279,Global Spreader
473,1280,Global Spreader
474,1281,Global Spreader
475,1282,Global Spreader
476,1284,Global Spreader
477,1285,Global Spreader
478,1287,Global Spreader
479,1288,Global Spreader
480,1289,Global Spreader
481,1290,Global Spreader
482,1291,Global Core
483,1291,Global Spreader
484,1292,Global Spreader
485,1293,Global Spreader
486,1295,Global Peripheral
487,1297,Global Peripheral
488,1298,Global Spreader
489,1301,Global Peripheral
490,1302,Global Spreader
491,1303,Global Spreader
492,1305,Global Spreader
493,1309,Global Spreader
494,1312,Global Spreader
495,1315,Global Spreader
496,1322,Global Spreader
497,1323,Global Spreader
498,1324,Global Spreader
499,1326,Global Peripheral
500,1329,Global Core
501,1329,Global Spreader
502,1330,Global Core
503,1330,Global Spreader
504,1331,Global Core
505,1331,Global Spreader
506,1334,Global Spreader
507,1335,Global Core
508,1335,Global Spreader
509,1336,Global Spreader
510,1339,Global Spreader
511,1340,Global Spreader
512,1341,Global Core
513,1341,Global Spreader
514,1344,Global Spreader
515,1345,Global Spreader
516,1346,Global Peripheral
517,1347,Global Spreader
518,1351,Global Spreader
519,1352,Global Core
520,1352,Global Spreader
521,1353,Global Peripheral
522,1354,Global Peripheral
523,1359,Global Spreader
524,1361,Global Core
525,1361,Global Spreader
526,1362,Global Peripheral
527,1365,Global Spreader
528,1367,Global Core
529,1367,Global Spreader
530,1368,Global Peripheral
531,1370,Global Core
532,1370,Global Spreader
533,1372,Global Peripheral
534,1373,Global Spreader
535,1375,Global Spreader
536,1376,Global Core
537,1376,Global Spreader
538,1377,Global Core
539,1377,Global Spreader
540,1379,Global Spreader
541,1380,Global Spreader
542,1382,Global Spreader
543,1383,Global Peripheral
544,1384,Global Peripheral
545,1386,Global Peripheral
546,1387,Global Peripheral
547,1388,Global Spreader
548,1389,Global Spreader
549,1390,Global Core
550,1390,Global Spreader
551,1391,Global Core
552,1391,Global Spreader
553,1392,Global Spreader
554,1393,Global Spreader
555,1394,Global Peripheral
556,1395,Global Peripheral
557,1396,Global Spreader
558,1398,Global Spreader
559,1399,Global Core
560,1399,Global Spreader
561,1402,Global Spreader
562,1403,Global Peripheral
563,1404,Global Spreader
564,1407,Global Spreader
565,1409,Global Spreader
566,1413,Global Spreader
567,1414,Global Peripheral
568,1416,Global Core
569,1416,Global Spreader
570,1417,Global Peripheral
571,1420,Global Core
572,1420,Global Spreader
573,1423,Global Spreader
574,1426,Global Spreader
575,1430,Global Peripheral
576,1431,Global Core
577,1431,Global Spreader
578,1432,Global Spreader
579,1437,Global Spreader
580,1442,Global Peripheral
581,1443,Global Peripheral
582,1445,Global Peripheral
583,1447,Global Core
584,1447,Global Spreader
585,1448,Global Spreader
586,1449,Global Spreader
587,1454,Global Spreader
588,1455,Global Peripheral
589,1456,Global Core
590,1456,Global Spreader
591,1457,Global Spreader
592,1459,Global Spreader
593,1460,Global Spreader
594,1461,Global Peripheral
595,1462,Global Spreader
596,1465,Global Spreader
597,1466,Global Peripheral
598,1467,Global Core
599,1467,Global Spreader
600,1470,Global Spreader
601,1471,Global Core
602,1471,Global Spreader
603,1474,Global Peripheral
604,1475,Global Spreader
605,1476,Global Peripheral
606,1477,Global Peripheral
607,1479,Global Spreader
608,1480,Global Spreader
609,1483,Global Spreader
610,1485,Global Spreader
611,1486,Global Peripheral
612,1488,Global Core
613,1488,Global Spreader
614,1490,Global Peripheral
615,1491,Global Core
616,1491,Global Spreader
617,1495,Global Spreader
618,1498,Global Peripheral
619,1499,Global Peripheral
620,1502,Global Spreader
621,1506,Global Peripheral
622,1509,Global Core
623,1509,Global Spreader
624,1510,Global Peripheral
625,1513,Global Spreader
626,1515,Global Spreader
627,1516,Global Core
628,1516,Global Spreader
629,1517,Global Spreader
630,1520,Global Core
631,1520,Global Spreader
632,1521,Global Peripheral
633,1522,Global Core
634,1522,Global Spreader
635,1523,Global Spreader
636,1524,Global Spreader
637,1528,Global Spreader
638,1530,Global Spreader
639,1532,Global Spreader
640,1535,Global Spreader
641,1538,Global Spreader
642,1539,Global Spreader
643,1540,Global Spreader
644,1542,Global Spreader
645,1546,Global Peripheral
646,1547,Global Core
647,1547,Global Spreader
648,1551,Global Core
649,1551,Global Spreader
650,1552,Global Peripheral
651,1554,Global Core
652,1554,Global Spreader
653,1557,Global Core
654,1557,Global Spreader
655,1558,Global Peripheral
656,1559,Global Core
657,1559,Global Spreader
658,1560,Global Peripheral
659,1562,Global Peripheral
660,1563,Global Core
661,1563,Global Spreader
662,1570,Global Spreader
663,1571,Global Spreader
664,1572,Global Spreader
665,1573,Global Spreader
666,1576,Global Spreader
667,1577,Global Hub
668,1577,Global Core
669,1577,Global Spreader
670,1579,Global Peripheral
671,1580,Global Spreader
672,1581,Global Peripheral
673,1582,Global Spreader
674,1583,Global Spreader
675,1584,Global Core
676,1584,Global Spreader
677,1586,Global Peripheral
678,1587,Global Spreader
679,1589,Global Core
680,1589,Global Spreader
681,1590,Global Spreader
682,1591,Global Spreader
683,1595,Global Spreader
684,1596,Global Spreader
685,1597,Global Core
686,1597,Global Spreader
687,1598,Global Core
688,1598,Global Spreader
689,1599,Global Peripheral
690,1600,Global Core
691,1600,Global Spreader
692,1603,Global Core
693,1603,Global Spreader
694,1604,Global Core
695,1604,Global Spreader
696,1605,Global Spreader
697,1607,Global Peripheral
698,1608,Global Core
699,1608,Global Spreader
700,1609,Global Spreader
701,1610,Global Core
702,1610,Global Spreader
703,1611,Global Spreader
704,1612,Global Core
705,1612,Global Spreader
706,1613,Global Core
707,1613,Global Spreader
708,1614,Global Spreader
709,1617,Global Core
710,1617,Global Spreader
711,1619,Global Core
712,1619,Global Spreader
713,1620,Global Spreader
714,1621,Global Core
715,1621,Global Spreader
716,1622,Global Core
717,1622,Global Spreader
718,1623,Global Spreader
719,1627,Global Peripheral
720,1628,Global Spreader
721,1631,Global Peripheral
722,1632,Global Spreader
723,1636,Global Spreader
724,1637,Global Spreader
725,1639,Global Spreader
726,1640,Global Peripheral
727,1643,Global Spreader
728,1644,Global Spreader
729,1647,Global Spreader
730,1651,Global Peripheral
731,1652,Global Spreader
732,1653,Global Spreader
733,1654,Global Peripheral
734,1655,Global Spreader
735,1657,Global Peripheral
736,1659,Global Spreader
737,1661,Global Spreader
738,1662,Global Core
739,1662,Global Spreader
740,1663,Global Core
741,1663,Global Spreader
742,1664,Global Peripheral
743,1665,Global Core
744,1665,Global Spreader
745,1668,Global Core
746,1668,Global Spreader
747,1669,Global Core
748,1669,Global Spreader
749,1670,Global Peripheral
750,1675,Global Core
751,1675,Global Spreader
752,1680,Global Spreader
753,1682,Global Spreader
754,1683,Global Core
755,1683,Global Spreader
756,1685,Global Spreader
757,1688,Global Spreader
758,1689,Global Core
759,1689,Global Spreader
760,1690,Global Peripheral
761,1691,Global Spreader
762,1693,Global Peripheral
763,1696,Global Peripheral
764,1697,Global Peripheral
765,1701,Global Peripheral
766,1707,Global Core
767,1707,Global Spreader
768,1708,Global Peripheral
769,1711,Global Peripheral
770,1712,Global Spreader
771,1713,Global Peripheral
772,1714,Global Core
773,1714,Global Spreader
774,1715,Global Spreader
775,1716,Global Spreader
776,1717,Global Core
777,1717,Global Spreader
778,1718,Global Hub
779,1718,Global Core
780,1718,Global Spreader
781,1720,Global Spreader
782,1721,Global Core
783,1721,Global Spreader
784,1722,Global Spreader
785,1723,Global Spreader
786,1724,Global Spreader
787,1729,Global Spreader
788,1730,Global Core
789,1730,Global Spreader
790,1731,Global Peripheral
791,1732,Global Spreader
792,1734,Global Spreader
793,1735,Global Spreader
794,1736,Global Core
795,1736,Global Spreader
796,1737,Global Spreader
797,1741,Global Spreader
798,1742,Global Spreader
799,1746,Global Core
800,1746,Global Spreader
801,1750,Global Core
802,1750,Global Spreader
803,1751,Global Spreader
804,1752,Global Core
805,1752,Global Spreader
806,1753,Global Spreader
807,1754,Global Spreader
808,1755,Global Peripheral
809,1757,Global Core
810,1757,Global Spreader
811,1759,Global Peripheral
812,1760,Global Peripheral
813,1761,Global Core
814,1761,Global Spreader
815,1762,Global Peripheral
816,1765,Global Spreader
817,1768,Global Core
818,1768,Global Spreader
819,1772,Global Spreader
820,1775,Global Peripheral
821,1776,Global Peripheral
822,1777,Global Peripheral
823,1782,Global Spreader
824,1783,Global Spreader
825,1786,Global Spreader
826,1788,Global Peripheral
827,1789,Global Spreader
828,1791,Global Core
829,1791,Global Spreader
830,1792,Global Peripheral
831,1793,Global Core
832,1793,Global Spreader
833,1795,Global Spreader
834,1796,Global Spreader
835,1797,Global Peripheral
836,1799,Global Core
837,1799,Global Spreader
838,1800,Global Core
839,1800,Global Spreader
840,1804,Global Core
841,1804,Global Spreader
842,1808,Global Peripheral
843,1809,Global Core
844,1809,Global Spreader
845,1810,Global Spreader
846,1811,Global Spreader
847,1812,Global Spreader
848,1813,Global Core
849,1813,Global Spreader
850,1814,Global Peripheral
851,1816,Global Core
852,1816,Global Spreader
853,1819,Global Spreader
854,1820,Global Spreader
855,1823,Global Core
856,1823,Global Spreader
857,1824,Global Spreader
858,1826,Global Spreader
859,1827,Global Core
860,1827,Global Spreader
861,1828,Global Spreader
862,1832,Global Spreader
863,1833,Global Core
864,1833,Global Spreader
865,1834,Global Peripheral
866,1835,Global Core
867,1835,Global Spreader
868,1838,Global Peripheral
869,1839,Global Core
870,1839,Global Spreader
871,1840,Global Peripheral
872,1841,Global Spreader
873,1842,Global Core
874,1842,Global Spreader
875,1843,Global Spreader
876,1845,Global Spreader
877,1849,Global Core
878,1849,Global Spreader
879,1854,Global Peripheral
880,1855,Global Peripheral
881,1856,Global Peripheral
882,1857,Global Spreader
883,1859,Global Spreader
884,1861,Global Spreader
885,1862,Global Spreader
886,1864,Global Spreader
887,1865,Global Peripheral
888,1867,Global Core
889,1867,Global Spreader
890,1868,Global Core
891,1868,Global Spreader
892,1871,Global Spreader
893,1872,Global Spreader
894,1873,Global Spreader
895,1877,Global Spreader
896,1879,Global Core
897,1879,Global Spreader
898,1886,Global Spreader
899,1888,Global Core
900,1888,Global Spreader
901,1889,Global Peripheral
902,1890,Global Peripheral
903,1891,Global Spreader
904,1893,Global Spreader
905,1894,Global Spreader
906,1896,Global Peripheral
907,1898,Global Spreader
908,1899,Global Spreader
909,1902,Global Core
910,1902,Global Spreader
911,1903,Global Spreader
912,1908,Global Peripheral
913,1926,Global Hub
914,1926,Global Core
915,1926,Global Spreader
916,1932,Global Spreader
917,1939,Global Spreader
918,1945,Global Hub
919,1945,Global Core
920,1945,Global Spreader
921,1955,Global Spreader
922,2007,Global Hub
923,2007,Global Core
924,2007,Global Spreader
925,2032,Global Hub
926,2032,Global Core
927,2032,Global Spreader
928,2038,Global Hub
929,2038,Global Core
930,2038,Global Spreader
931,2039,Global Hub
932,2039,Global Core
933,2039,Global Spreader
934,2042,Global Spreader
935,2054,Global Hub
936,2054,Global Core
937,2054,Global Spreader
938,2068,Global Hub
939,2068,Global Core
940,2068,Global Spreader
941,2071,Global Hub
942,2071,Global Core
943,2071,Global Spreader
944,2072,Global Hub
945,2072,Global Core
946,2072,Global Spreader
947,2081,Global Hub
948,2081,Global Core
949,2081,Global Spreader
950,2102,Global Hub
951,2102,Global Core
952,2102,Global Spreader
953,2111,Global Hub
954,2111,Global Core
955,2111,Global Spreader
956,2117,Global Hub
957,2117,Global Core
958,2117,Global Spreader
959,2127,Global Hub
960,2127,Global Core
961,2127,Global Spreader
962,2128,Global Spreader
963,2133,Global Hub
964,2133,Global Core
965,2133,Global Spreader
966,2135,Global Spreader
967,2138,Global Hub
968,2138,Global Core
969,2138,Global Spreader
970,2143,Global Spreader
971,2153,Global Hub
972,2153,Global Core
973,2153,Global Spreader
974,2174,Global Hub
975,2174,Global Core
976,2174,Global Spreader
977,2180,Global Hub
978,2180,Global Core
979,2180,Global Spreader
980,2183,Global Hub
981,2183,Global Core
982,2183,Global Spreader
983,2187,Global Hub
984,2187,Global Core
985,2187,Global Spreader
986,2189,Global Hub
987,2189,Global Core
988,2189,Global Spreader
989,2199,Global Hub
990,2199,Global Core
991,2199,Global Spreader
992,2203,Global Spreader
993,2223,Global Hub
994,2223,Global Core
995,2223,Global Spreader
996,2224,Global Hub
997,2224,Global Core
998,2224,Global Spreader
999,2247,Global Hub
1000,2247,Global Core
1001,2247,Global Spreader
1002,2250,Global Spreader
1003,2254,Global Spreader
1004,2264,Global Spreader
1005,2267,Global Spreader
1006,2268,Global Hub
1007,2268,Global Core
1008,2268,Global Spreader
1009,2279,Global Hub
1010,2279,Global Core
1011,2279,Global Spreader
1012,2283,Global Hub
1013,2283,Global Core
1014,2283,Global Spreader
1015,2289,Global Hub
1016,2289,Global Core
1017,2289,Global Spreader
1018,2292,Global Hub
1019,2292,Global Core
1020,2292,Global Spreader
1021,2302,Global Hub
1022,2302,Global Core
1023,2302,Global Spreader
1024,2319,Global Hub
1025,2319,Global Core
1026,2319,Global Spreader
1027,2327,Global Hub
1028,2327,Global Core
1029,2327,Global Spreader
1030,2336,Global Hub
1031,2336,Global Core
1032,2336,Global Spreader
1033,2384,Global Hub
1034,2384,Global Core
1035,2384,Global Spreader
1036,2398,Global Spreader
1037,2417,Global Spreader
1038,2436,Global Spreader
1039,2445,Global Spreader
1040,2451,Global Spreader
1041,2458,Global Spreader
1042,2461,Global Hub
1043,2461,Global Core
1044,2461,Global Spreader
1045,2463,Global Hub
1046,2463,Global Core
1047,2463,Global Spreader
1048,2471,Global Hub
1049,2471,Global Core
1050,2471,Global Spreader
1051,2472,Global Spreader
1052,2475,Global Spreader
1053,2491,Global Hub
1054,2491,Global Core
1055,2491,Global Spreader
1056,2498,Global Spreader
1057,2508,Global Spreader
1058,2510,Global Hub
1059,2510,Global Core
1060,2510,Global Spreader
1061,2511,Global Hub
1062,2511,Global Core
1063,2511,Global Spreader
1064,2533,Global Spreader
1065,2543,Global Hub
1066,2543,Global Core
1067,2547,Global Spreader
1068,2589,Global Spreader
1069,2598,Global Hub
1070,2598,Global Core
1071,2598,Global Spreader
1072,2617,Global Hub
1073,2617,Global Core
1074,2617,Global Spreader
1075,2629,Global Hub
1076,2629,Global Core
1077,2629,Global Spreader
1078,2643,Global Spreader
1079,2649,Global Hub
1080,2649,Global Core
1081,2649,Global Spreader
1082,2653,Global Spreader
1083,2704,Global Peripheral
1084,2740,Global Peripheral
1085,427,Global Peripheral
1086,464,Global Peripheral
1087,549,Global Peripheral
1088,351,Global Peripheral
1089,364,Global Peripheral
1090,393,Global Peripheral
1091,399,Global Peripheral
1092,441,Global Peripheral
1093,476,Global Peripheral
1094,501,Global Peripheral
1095,564,Global Peripheral
1096,349,Global Peripheral
1097,356,Global Peripheral
1098,358,Global Peripheral
1099,365,Global Peripheral
1100,371,Global Peripheral
1101,377,Global Peripheral
1102,379,Global Peripheral
1103,383,Global Peripheral
1104,384,Global Peripheral
1105,385,Global Peripheral
1106,386,Global Peripheral
1107,390,Global Peripheral
1108,401,Global Peripheral
1109,406,Global Peripheral
1110,411,Global Peripheral
1111,429,Global Peripheral
1112,433,Global Peripheral
1113,437,Global Peripheral
1114,443,Global Peripheral
1115,447,Global Peripheral
1116,448,Global Peripheral
1117,449,Global Peripheral
1118,453,Global Peripheral
1119,454,Global Peripheral
1120,466,Global Peripheral
1121,467,Global Peripheral
1122,468,Global Peripheral
1123,472,Global Peripheral
1124,478,Global Peripheral
1125,480,Global Peripheral
1126,485,Global Peripheral
1127,498,Global Peripheral
1128,499,Global Peripheral
1129,522,Global Peripheral
1130,529,Global Peripheral
1131,530,Global Peripheral
1132,532,Global Peripheral
1133,533,Global Peripheral
1134,534,Global Peripheral
1135,540,Global Peripheral
1136,550,Global Peripheral
1137,552,Global Peripheral
1138,562,Global Peripheral
1139,571,Global Peripheral
1140,572,Global Peripheral
1141,656,Global Peripheral
1142,587,Global Peripheral
1143,586,Global Peripheral
1144,610,Global Peripheral
1145,652,Global Peripheral
1146,673,Global Peripheral
1147,574,Global Peripheral
1148,593,Global Peripheral
1149,581,Global Peripheral
1150,585,Global Peripheral
1151,594,Global Peripheral
1152,602,Global Peripheral
1153,607,Global Peripheral
1154,608,Global Peripheral
1155,613,Global Peripheral
1156,621,Global Peripheral
1157,624,Global Peripheral
1158,631,Global Peripheral
1159,638,Global Peripheral
1160,642,Global Peripheral
1161,648,Global Peripheral
1162,655,Global Peripheral
1163,657,Global Peripheral
1164,660,Global Peripheral
1165,663,Global Peripheral
1166,667,Global Peripheral
1167,668,Global Peripheral
1168,671,Global Peripheral
1169,672,Global Peripheral
1170,674,Global Peripheral
1171,679,Global Peripheral
1172,1967,Global Peripheral
1173,3454,Global Peripheral
1174,3487,Global Peripheral
1175,3723,Global Peripheral
1176,3861,Global Peripheral
1177,3961,Global Peripheral
1178,3980,Global Peripheral
1179,3989,Global Broker
1180,3989,Global Peripheral
1181,4011,Global Peripheral
1182,4031,Global Broker
1183,4031,Global Peripheral
1184,689,Global Peripheral
1185,690,Global Peripheral
1186,691,Global Peripheral
1187,692,Global Peripheral
1188,699,Global Peripheral
1189,700,Global Peripheral
1190,702,Global Peripheral
1191,704,Global Peripheral
1192,707,Global Peripheral
1193,710,Global Peripheral
1194,712,Global Peripheral
1195,714,Global Peripheral
1196,717,Global Peripheral
1197,721,Global Peripheral
1198,725,Global Peripheral
1199,729,Global Peripheral
1200,732,Global Peripheral
1201,733,Global Peripheral
1202,735,Global Peripheral
1203,736,Global Peripheral
1204,740,Global Peripheral
1205,742,Global Peripheral
1206,743,Global Peripheral
1207,744,Global Peripheral
1208,746,Global Peripheral
1209,749,Global Peripheral
1210,750,Global Peripheral
1211,753,Global Peripheral
1212,757,Global Peripheral
1213,759,Global Peripheral
1214,761,Global Peripheral
1215,767,Global Peripheral
1216,768,Global Peripheral
1217,769,Global Peripheral
1218,771,Global Peripheral
1219,772,Global Broker
1220,775,Global Peripheral
1221,776,Global Peripheral
1222,782,Global Peripheral
1223,785,Global Peripheral
1224,786,Global Peripheral
1225,788,Global Peripheral
1226,789,Global Peripheral
1227,790,Global Peripheral
1228,791,Global Peripheral
1229,796,Global Peripheral
1230,798,Global Broker
1231,798,Global Peripheral
1232,801,Global Peripheral
1233,802,Global Peripheral
1234,803,Global Broker
1235,804,Global Broker
1236,804,Global Peripheral
1237,806,Global Peripheral
1238,808,Global Peripheral
1239,811,Global Peripheral
1240,812,Global Peripheral
1241,813,Global Peripheral
1242,816,Global Peripheral
1243,818,Global Peripheral
1244,821,Global Peripheral
1245,822,Global Peripheral
1246,825,Global Peripheral
1247,832,Global Peripheral
1248,833,Global Peripheral
1249,839,Global Peripheral
1250,841,Global Peripheral
1251,846,Global Peripheral
1252,850,Global Peripheral
1253,851,Global Peripheral
1254,852,Global Peripheral
1255,854,Global Peripheral
1256,855,Global Peripheral
1257,890,Global Peripheral
1258,857,Global Broker
1259,857,Global Peripheral
1260,858,Global Peripheral
1261,859,Global Peripheral
1262,860,Global Peripheral
1263,861,Global Peripheral
1264,863,Global Peripheral
1265,864,Global Peripheral
1266,865,Global Peripheral
1267,866,Global Peripheral
1268,867,Global Peripheral
1269,868,Global Peripheral
1270,869,Global Peripheral
1271,870,Global Peripheral
1272,871,Global Peripheral
1273,872,Global Peripheral
1274,873,Global Peripheral
1275,874,Global Peripheral
1276,875,Global Peripheral
1277,876,Global Peripheral
1278,877,Global Peripheral
1279,878,Global Peripheral
1280,879,Global Peripheral
1281,880,Global Peripheral
1282,881,Global Peripheral
1283,882,Global Peripheral
1284,883,Global Peripheral
1285,884,Global Peripheral
1286,885,Global Peripheral
1287,886,Global Peripheral
1288,887,Global Peripheral
1289,888,Global Peripheral
1290,889,Global Peripheral
1291,891,Global Peripheral
1292,892,Global Peripheral
1293,893,Global Peripheral
1294,894,Global Peripheral
1295,895,Global Peripheral
1296,3621,Global Peripheral
1297,3626,Global Peripheral
1298,3592,Global Peripheral
1299,3872,Global Peripheral
1300,2678,Global Peripheral
1301,2760,Global Peripheral
1302,3164,Global Peripheral
1303,2826,Global Peripheral
1304,2752,Global Peripheral
1305,2869,Global Spreader
1306,2971,Global Peripheral
1307,3179,Global Spreader
1308,1920,Global Hub
1309,1920,Global Core
1310,1920,Global Spreader
1311,1941,Global Hub
1312,1941,Global Core
1313,1948,Global Spreader
1314,1959,Global Hub
1315,1959,Global Core
1316,1959,Global Spreader
1317,2028,Global Spreader
1318,2047,Global Hub
1319,2047,Global Core
1320,2047,Global Spreader
1321,2053,Global Hub
1322,2053,Global Core
1323,2053,Global Spreader
1324,2087,Global Hub
1325,2087,Global Core
1326,2087,Global Spreader
1327,2125,Global Hub
1328,2125,Global Core
1329,2125,Global Spreader
1330,2132,Global Spreader
1331,2134,Global Spreader
1332,2148,Global Spreader
1333,2149,Global Hub
1334,2149,Global Core
1335,2149,Global Spreader
1336,2169,Global Spreader
1337,2191,Global Spreader
1338,2194,Global Spreader
1339,2196,Global Core
1340,2196,Global Spreader
1341,2198,Global Spreader
1342,2239,Global Spreader
1343,2266,Global Hub
1344,2266,Global Core
1345,2282,Global Hub
1346,2282,Global Core
1347,2282,Global Spreader
1348,2285,Global Spreader
1349,2293,Global Spreader
1350,2315,Global Spreader
1351,2328,Global Hub
1352,2328,Global Core
1353,2328,Global Spreader
1354,2332,Global Spreader
1355,2333,Global Hub
1356,2333,Global Core
1357,2333,Global Spreader
1358,2338,Global Spreader
1359,2347,Global Hub
1360,2347,Global Core
1361,2351,Global Core
1362,2351,Global Spreader
1363,2368,Global Spreader
1364,2372,Global Spreader
1365,2385,Global Spreader
1366,2399,Global Spreader
1367,2420,Global Spreader
1368,2501,Global Spreader
1369,2509,Global Hub
1370,2509,Global Core
1371,2509,Global Spreader
1372,2512,Global Spreader
1373,2516,Global Spreader
1374,2542,Global Hub
1375,2542,Global Core
1376,2555,Global Hub
1377,2555,Global Core
1378,2555,Global Spreader
1379,2567,Global Hub
1380,2567,Global Core
1381,2567,Global Spreader
1382,2592,Global Hub
1383,2592,Global Core
1384,2592,Global Spreader
1385,2597,Global Spreader
1386,2608,Global Spreader
1387,2642,Global Hub
1388,2642,Global Core
1389,2642,Global Spreader
1390,2725,Global Peripheral
1391,3165,Global Peripheral
1392,3101,Global Spreader
1393,3265,Global Spreader
1394,1916,Global Spreader
1395,1940,Global Spreader
1396,1947,Global Hub
1397,1947,Global Core
1398,1947,Global Spreader
1399,1954,Global Spreader
1400,1994,Global Spreader
1401,2002,Global Spreader
1402,2010,Global Spreader
1403,2026,Global Spreader
1404,2052,Global Spreader
1405,2062,Global Spreader
1406,2101,Global Spreader
1407,2137,Global Spreader
1408,2144,Global Spreader
1409,2151,Global Spreader
1410,2176,Global Hub
1411,2176,Global Core
1412,2176,Global Spreader
1413,2215,Global Spreader
1414,2241,Global Hub
1415,2241,Global Core
1416,2241,Global Spreader
1417,2246,Global Spreader
1418,2273,Global Spreader
1419,2294,Global Hub
1420,2294,Global Core
1421,2294,Global Spreader
1422,2343,Global Spreader
1423,2344,Global Hub
1424,2344,Global Core
1425,2344,Global Spreader
1426,2377,Global Spreader
1427,2394,Global Spreader
1428,2419,Global Spreader
1429,2465,Global Spreader
1430,2468,Global Hub
1431,2468,Global Core
1432,2582,Global Spreader
1433,2588,Global Spreader
1434,2594,Global Spreader
1435,2609,Global Spreader
1436,2616,Global Spreader
1437,2903,Global Peripheral
1438,3201,Global Spreader
1439,3355,Global Spreader
1440,2661,Global Spreader
1441,2664,Global Spreader
1442,2666,Global Spreader
1443,2669,Global Spreader
1444,2671,Global Peripheral
1445,2674,Global Spreader
1446,2676,Global Spreader
1447,2679,Global Spreader
1448,2680,Global Spreader
1449,2681,Global Spreader
1450,2683,Global Spreader
1451,2688,Global Peripheral
1452,2689,Global Spreader
1453,2691,Global Peripheral
1454,2692,Global Peripheral
1455,2694,Global Spreader
1456,2698,Global Spreader
1457,2706,Global Spreader
1458,2714,Global Peripheral
1459,2716,Global Spreader
1460,2717,Global Spreader
1461,2719,Global Spreader
1462,2721,Global Peripheral
1463,2722,Global Peripheral
1464,2729,Global Spreader
1465,2732,Global Peripheral
1466,2736,Global Peripheral
1467,2738,Global Spreader
1468,2741,Global Spreader
1469,2742,Global Spreader
1470,2743,Global Spreader
1471,2748,Global Spreader
1472,2749,Global Spreader
1473,2750,Global Spreader
1474,2753,Global Spreader
1475,2754,Global Spreader
1476,2755,Global Spreader
1477,2756,Global Spreader
1478,2757,Global Spreader
1479,2763,Global Spreader
1480,2765,Global Spreader
1481,2767,Global Peripheral
1482,2770,Global Spreader
1483,2773,Global Spreader
1484,2774,Global Peripheral
1485,2776,Global Peripheral
1486,2777,Global Spreader
1487,2778,Global Spreader
1488,2781,Global Spreader
1489,2782,Global Spreader
1490,2786,Global Spreader
1491,2788,Global Peripheral
1492,2790,Global Peripheral
1493,2792,Global Peripheral
1494,2793,Global Spreader
1495,2796,Global Spreader
1496,2798,Global Peripheral
1497,2799,Global Peripheral
1498,2800,Global Spreader
1499,2804,Global Peripheral
1500,2805,Global Peripheral
1501,2808,Global Peripheral
1502,2810,Global Spreader
1503,2811,Global Peripheral
1504,2815,Global Spreader
1505,2817,Global Peripheral
1506,2824,Global Peripheral
1507,2827,Global Spreader
1508,2828,Global Spreader
1509,2833,Global Spreader
1510,2834,Global Peripheral
1511,2835,Global Spreader
1512,2839,Global Spreader
1513,2842,Global Peripheral
1514,2849,Global Spreader
1515,2853,Global Spreader
1516,2855,Global Peripheral
1517,2857,Global Peripheral
1518,2860,Global Peripheral
1519,2861,Global Peripheral
1520,2862,Global Spreader
1521,2863,Global Spreader
1522,2864,Global Spreader
1523,2866,Global Spreader
1524,2867,Global Spreader
1525,2872,Global Spreader
1526,2873,Global Spreader
1527,2874,Global Spreader
1528,2877,Global Spreader
1529,2880,Global Spreader
1530,2884,Global Peripheral
1531,2886,Global Peripheral
1532,2890,Global Spreader
1533,2893,Global Peripheral
1534,2895,Global Peripheral
1535,2896,Global Spreader
1536,2897,Global Spreader
1537,2898,Global Peripheral
1538,2899,Global Peripheral
1539,2901,Global Spreader
1540,2902,Global Peripheral
1541,2905,Global Spreader
1542,2906,Global Spreader
1543,2909,Global Spreader
1544,2910,Global Spreader
1545,2911,Global Spreader
1546,2912,Global Spreader
1547,2913,Global Spreader
1548,2915,Global Spreader
1549,2916,Global Spreader
1550,2919,Global Spreader
1551,2920,Global Spreader
1552,2922,Global Peripheral
1553,2924,Global Spreader
1554,2925,Global Spreader
1555,2926,Global Peripheral
1556,2927,Global Spreader
1557,2928,Global Spreader
1558,2929,Global Spreader
1559,2930,Global Peripheral
1560,2931,Global Spreader
1561,2933,Global Peripheral
1562,2935,Global Peripheral
1563,2936,Global Spreader
1564,2937,Global Spreader
1565,2939,Global Spreader
1566,2940,Global Spreader
1567,2943,Global Spreader
1568,2944,Global Spreader
1569,2945,Global Spreader
1570,2946,Global Spreader
1571,2949,Global Peripheral
1572,2952,Global Peripheral
1573,2956,Global Spreader
1574,2960,Global Spreader
1575,2963,Global Peripheral
1576,2966,Global Spreader
1577,2969,Global Spreader
1578,2970,Global Spreader
1579,2973,Global Spreader
1580,2974,Global Spreader
1581,2975,Global Peripheral
1582,2980,Global Peripheral
1583,2983,Global Peripheral
1584,2985,Global Spreader
1585,2986,Global Spreader
1586,2988,Global Spreader
1587,2989,Global Spreader
1588,2991,Global Spreader
1589,2992,Global Spreader
1590,2993,Global Spreader
1591,2994,Global Spreader
1592,2997,Global Peripheral
1593,2998,Global Peripheral
1594,3000,Global Spreader
1595,3004,Global Spreader
1596,3006,Global Peripheral
1597,3012,Global Peripheral
1598,3014,Global Spreader
1599,3021,Global Spreader
1600,3022,Global Spreader
1601,3026,Global Spreader
1602,3028,Global Peripheral
1603,3029,Global Spreader
1604,3030,Global Peripheral
1605,3031,Global Peripheral
1606,3033,Global Spreader
1607,3035,Global Spreader
1608,3037,Global Peripheral
1609,3038,Global Spreader
1610,3040,Global Spreader
1611,3044,Global Peripheral
1612,3045,Global Peripheral
1613,3047,Global Spreader
1614,3049,Global Spreader
1615,3051,Global Spreader
1616,3053,Global Peripheral
1617,3054,Global Spreader
1618,3055,Global Peripheral
1619,3056,Global Spreader
1620,3059,Global Peripheral
1621,3060,Global Spreader
1622,3063,Global Peripheral
1623,3064,Global Spreader
1624,3065,Global Spreader
1625,3066,Global Peripheral
1626,3070,Global Spreader
1627,3071,Global Peripheral
1628,3073,Global Spreader
1629,3074,Global Peripheral
1630,3076,Global Spreader
1631,3078,Global Spreader
1632,3082,Global Spreader
1633,3083,Global Peripheral
1634,3084,Global Spreader
1635,3085,Global Spreader
1636,3090,Global Spreader
1637,3091,Global Peripheral
1638,3094,Global Peripheral
1639,3096,Global Spreader
1640,3098,Global Spreader
1641,3102,Global Spreader
1642,3104,Global Spreader
1643,3105,Global Peripheral
1644,3106,Global Spreader
1645,3108,Global Spreader
1646,3113,Global Spreader
1647,3115,Global Spreader
1648,3116,Global Spreader
1649,3117,Global Spreader
1650,3119,Global Spreader
1651,3120,Global Spreader
1652,3121,Global Peripheral
1653,3122,Global Peripheral
1654,3125,Global Peripheral
1655,3126,Global Peripheral
1656,3127,Global Peripheral
1657,3128,Global Peripheral
1658,3131,Global Peripheral
1659,3132,Global Spreader
1660,3134,Global Peripheral
1661,3141,Global Peripheral
1662,3142,Global Spreader
1663,3143,Global Peripheral
1664,3145,Global Spreader
1665,3146,Global Spreader
1666,3147,Global Peripheral
1667,3149,Global Spreader
1668,3150,Global Spreader
1669,3152,Global Spreader
1670,3153,Global Peripheral
1671,3155,Global Peripheral
1672,3158,Global Spreader
1673,3159,Global Peripheral
1674,3161,Global Peripheral
1675,3169,Global Spreader
1676,3172,Global Spreader
1677,3174,Global Spreader
1678,3175,Global Peripheral
1679,3180,Global Peripheral
1680,3181,Global Peripheral
1681,3182,Global Spreader
1682,3183,Global Peripheral
1683,3184,Global Spreader
1684,3185,Global Spreader
1685,3195,Global Spreader
1686,3197,Global Peripheral
1687,3198,Global Spreader
1688,3200,Global Peripheral
1689,3206,Global Spreader
1690,3216,Global Peripheral
1691,3217,Global Peripheral
1692,3218,Global Peripheral
1693,3220,Global Spreader
1694,3226,Global Spreader
1695,3227,Global Peripheral
1696,3230,Global Peripheral
1697,3232,Global Spreader
1698,3235,Global Peripheral
1699,3238,Global Spreader
1700,3239,Global Spreader
1701,3240,Global Spreader
1702,3247,Global Spreader
1703,3251,Global Peripheral
1704,3252,Global Spreader
1705,3266,Global Peripheral
1706,3267,Global Spreader
1707,3268,Global Peripheral
1708,3269,Global Peripheral
1709,3270,Global Peripheral
1710,3271,Global Peripheral
1711,3277,Global Spreader
1712,3280,Global Spreader
1713,3282,Global Peripheral
1714,3284,Global Spreader
1715,3291,Global Spreader
1716,3293,Global Spreader
1717,3297,Global Spreader
1718,3305,Global Peripheral
1719,3308,Global Peripheral
1720,3310,Global Peripheral
1721,3316,Global Spreader
1722,3317,Global Peripheral
1723,3320,Global Spreader
1724,3322,Global Peripheral
1725,3323,Global Peripheral
1726,3324,Global Spreader
1727,3330,Global Spreader
1728,3332,Global Spreader
1729,3333,Global Peripheral
1730,3334,Global Peripheral
1731,3335,Global Spreader
1732,3336,Global Peripheral
1733,3338,Global Peripheral
1734,3339,Global Spreader
1735,3344,Global Spreader
1736,3347,Global Spreader
1737,3348,Global Spreader
1738,3350,Global Spreader
1739,3351,Global Spreader
1740,3354,Global Peripheral
1741,3362,Global Spreader
1742,3363,Global Spreader
1743,3364,Global Spreader
1744,3368,Global Peripheral
1745,3370,Global Peripheral
1746,3372,Global Peripheral
1747,3375,Global Peripheral
1748,3376,Global Peripheral
1749,3378,Global Spreader
1750,3381,Global Spreader
1751,3384,Global Spreader
1752,3387,Global Spreader
1753,3388,Global Peripheral
1754,3389,Global Peripheral
1755,3391,Global Spreader
1756,3396,Global Spreader
1757,3397,Global Spreader
1758,3398,Global Peripheral
1759,3399,Global Spreader
1760,3401,Global Peripheral
1761,3402,Global Peripheral
1762,3405,Global Peripheral
1763,3407,Global Peripheral
1764,3408,Global Peripheral
1765,3413,Global Peripheral
1766,3416,Global Spreader
1767,3417,Global Spreader
1768,3419,Global Spreader
1769,3424,Global Peripheral
1770,3425,Global Peripheral
1771,3426,Global Spreader
1772,3427,Global Peripheral
1773,3428,Global Peripheral
1774,3429,Global Peripheral
1775,3432,Global Peripheral
1776,3433,Global Spreader
1777,3434,Global Spreader
1778,3435,Global Spreader
1779,3436,Global Peripheral
1780,2003,Global Spreader
1781,2325,Global Spreader
1782,2330,Global Spreader
1783,1917,Global Hub
1784,1917,Global Core
1785,1918,Global Hub
1786,1918,Global Core
1787,1924,Global Peripheral
1788,1925,Global Hub
1789,1925,Global Core
1790,1929,Global Hub
1791,1929,Global Core
1792,1937,Global Peripheral
1793,1938,Global Hub
1794,1938,Global Core
1795,1943,Global Hub
1796,1943,Global Core
1797,1946,Global Hub
1798,1946,Global Core
1799,1949,Global Peripheral
1800,1953,Global Hub
1801,1953,Global Core
1802,1956,Global Peripheral
1803,1961,Global Peripheral
1804,1962,Global Hub
1805,1962,Global Core
1806,1966,Global Hub
1807,1966,Global Core
1808,1969,Global Peripheral
1809,1970,Global Spreader
1810,1971,Global Hub
1811,1971,Global Core
1812,1974,Global Peripheral
1813,1977,Global Peripheral
1814,1979,Global Hub
1815,1979,Global Core
1816,1981,Global Spreader
1817,1983,Global Hub
1818,1983,Global Core
1819,1984,Global Hub
1820,1984,Global Core
1821,1985,Global Hub
1822,1985,Global Core
1823,1986,Global Hub
1824,1986,Global Core
1825,1993,Global Hub
1826,1993,Global Core
1827,1996,Global Peripheral
1828,1997,Global Hub
1829,1997,Global Core
1830,2005,Global Hub
1831,2005,Global Core
1832,2008,Global Peripheral
1833,2013,Global Peripheral
1834,2015,Global Peripheral
1835,2017,Global Peripheral
1836,2020,Global Hub
1837,2020,Global Core
1838,2030,Global Hub
1839,2030,Global Core
1840,2033,Global Hub
1841,2033,Global Core
1842,2034,Global Peripheral
1843,2037,Global Hub
1844,2037,Global Core
1845,2040,Global Hub
1846,2040,Global Core
1847,2041,Global Peripheral
1848,2043,Global Hub
1849,2043,Global Core
1850,2045,Global Hub
1851,2045,Global Core
1852,2046,Global Hub
1853,2046,Global Core
1854,2051,Global Peripheral
1855,2056,Global Hub
1856,2056,Global Core
1857,2057,Global Spreader
1858,2058,Global Spreader
1859,2059,Global Hub
1860,2059,Global Core
1861,2063,Global Hub
1862,2063,Global Core
1863,2064,Global Hub
1864,2064,Global Core
1865,2066,Global Peripheral
1866,2069,Global Hub
1867,2069,Global Core
1868,2073,Global Hub
1869,2073,Global Core
1870,2074,Global Hub
1871,2074,Global Core
1872,2075,Global Spreader
1873,2077,Global Hub
1874,2077,Global Core
1875,2078,Global Hub
1876,2078,Global Core
1877,2079,Global Peripheral
1878,2080,Global Peripheral
1879,2083,Global Hub
1880,2083,Global Core
1881,2084,Global Hub
1882,2084,Global Core
1883,2086,Global Hub
1884,2086,Global Core
1885,2088,Global Hub
1886,2088,Global Core
1887,2090,Global Hub
1888,2090,Global Core
1889,2093,Global Hub
1890,2093,Global Core
1891,2094,Global Peripheral
1892,2095,Global Hub
1893,2095,Global Core
1894,2098,Global Hub
1895,2098,Global Core
1896,2100,Global Peripheral
1897,2103,Global Hub
1898,2103,Global Core
1899,2104,Global Hub
1900,2104,Global Core
1901,2106,Global Peripheral
1902,2108,Global Hub
1903,2108,Global Core
1904,2109,Global Hub
1905,2109,Global Core
1906,2110,Global Spreader
1907,2112,Global Hub
1908,2112,Global Core
1909,2113,Global Peripheral
1910,2115,Global Hub
1911,2115,Global Core
1912,2118,Global Hub
1913,2118,Global Core
1914,2121,Global Hub
1915,2121,Global Core
1916,2122,Global Hub
1917,2122,Global Core
1918,2123,Global Hub
1919,2123,Global Core
1920,2124,Global Hub
1921,2124,Global Core
1922,2131,Global Hub
1923,2131,Global Core
1924,2139,Global Hub
1925,2139,Global Core
1926,2140,Global Hub
1927,2140,Global Core
1928,2142,Global Hub
1929,2142,Global Core
1930,2150,Global Hub
1931,2150,Global Core
1932,2154,Global Hub
1933,2154,Global Core
1934,2161,Global Spreader
1935,2165,Global Hub
1936,2165,Global Core
1937,2166,Global Peripheral
1938,2167,Global Peripheral
1939,2168,Global Peripheral
1940,2172,Global Hub
1941,2172,Global Core
1942,2175,Global Peripheral
1943,2178,Global Peripheral
1944,2182,Global Peripheral
1945,2184,Global Hub
1946,2184,Global Core
1947,2188,Global Hub
1948,2188,Global Core
1949,2190,Global Hub
1950,2190,Global Core
1951,2195,Global Peripheral
1952,2200,Global Hub
1953,2200,Global Core
1954,2201,Global Hub
1955,2201,Global Core
1956,2204,Global Peripheral
1957,2206,Global Hub
1958,2206,Global Core
1959,2212,Global Hub
1960,2212,Global Core
1961,2216,Global Hub
1962,2216,Global Core
1963,2217,Global Peripheral
1964,2218,Global Hub
1965,2218,Global Core
1966,2219,Global Peripheral
1967,2220,Global Hub
1968,2220,Global Core
1969,2222,Global Spreader
1970,2227,Global Peripheral
1971,2229,Global Hub
1972,2229,Global Core
1973,2230,Global Peripheral
1974,2232,Global Spreader
1975,2233,Global Hub
1976,2233,Global Core
1977,2235,Global Spreader
1978,2237,Global Hub
1979,2237,Global Core
1980,2240,Global Hub
1981,2240,Global Core
1982,2243,Global Spreader
1983,2244,Global Hub
1984,2244,Global Core
1985,2245,Global Peripheral
1986,2251,Global Peripheral
1987,2253,Global Hub
1988,2253,Global Core
1989,2256,Global Peripheral
1990,2257,Global Hub
1991,2257,Global Core
1992,2258,Global Spreader
1993,2259,Global Spreader
1994,2261,Global Hub
1995,2261,Global Core
1996,2263,Global Peripheral
1997,2265,Global Peripheral
1998,2269,Global Peripheral
1999,2271,Global Hub
2000,2271,Global Core
2001,2275,Global Hub
2002,2275,Global Core
2003,2276,Global Hub
2004,2276,Global Core
2005,2278,Global Hub
2006,2278,Global Core
2007,2280,Global Spreader
2008,2281,Global Peripheral
2009,2287,Global Spreader
2010,2290,Global Hub
2011,2290,Global Core
2012,2299,Global Hub
2013,2299,Global Core
2014,2300,Global Hub
2015,2300,Global Core
2016,2301,Global Peripheral
2017,2304,Global Spreader
2018,2306,Global Hub
2019,2306,Global Core
2020,2307,Global Hub
2021,2307,Global Core
2022,2308,Global Hub
2023,2308,Global Core
2024,2309,Global Hub
2025,2309,Global Core
2026,2311,Global Spreader
2027,2316,Global Peripheral
2028,2321,Global Peripheral
2029,2323,Global Hub
2030,2323,Global Core
2031,2324,Global Hub
2032,2324,Global Core
2033,2326,Global Hub
2034,2326,Global Core
2035,2329,Global Hub
2036,2329,Global Core
2037,2331,Global Hub
2038,2331,Global Core
2039,2334,Global Hub
2040,2334,Global Core
2041,2339,Global Hub
2042,2339,Global Core
2043,2340,Global Hub
2044,2340,Global Core
2045,2348,Global Hub
2046,2348,Global Core
2047,2352,Global Hub
2048,2352,Global Core
2049,2354,Global Hub
2050,2354,Global Core
2051,2356,Global Hub
2052,2356,Global Core
2053,2358,Global Peripheral
2054,2359,Global Hub
2055,2359,Global Core
2056,2363,Global Hub
2057,2363,Global Core
2058,2369,Global Hub
2059,2369,Global Core
2060,2370,Global Hub
2061,2370,Global Core
2062,2374,Global Hub
2063,2374,Global Core
2064,2375,Global Peripheral
2065,2376,Global Hub
2066,2376,Global Core
2067,2380,Global Peripheral
2068,2381,Global Hub
2069,2381,Global Core
2070,2382,Global Peripheral
2071,2386,Global Hub
2072,2386,Global Core
2073,2387,Global Spreader
2074,2388,Global Peripheral
2075,2390,Global Spreader
2076,2391,Global Spreader
2077,2395,Global Hub
2078,2395,Global Core
2079,2396,Global Spreader
2080,2404,Global Hub
2081,2404,Global Core
2082,2408,Global Hub
2083,2408,Global Core
2084,2409,Global Hub
2085,2409,Global Core
2086,2410,Global Hub
2087,2410,Global Core
2088,2414,Global Hub
2089,2414,Global Core
2090,2415,Global Spreader
2091,2418,Global Hub
2092,2418,Global Core
2093,2421,Global Peripheral
2094,2422,Global Peripheral
2095,2423,Global Hub
2096,2423,Global Core
2097,2428,Global Hub
2098,2428,Global Core
2099,2429,Global Spreader
2100,2430,Global Hub
2101,2430,Global Core
2102,2431,Global Peripheral
2103,2433,Global Hub
2104,2433,Global Core
2105,2434,Global Spreader
2106,2437,Global Peripheral
2107,2438,Global Spreader
2108,2439,Global Peripheral
2109,2441,Global Peripheral
2110,2442,Global Peripheral
2111,2446,Global Hub
2112,2446,Global Core
2113,2450,Global Peripheral
2114,2452,Global Peripheral
2115,2456,Global Peripheral
2116,2457,Global Peripheral
2117,2460,Global Hub
2118,2460,Global Core
2119,2464,Global Hub
2120,2464,Global Core
2121,2467,Global Hub
2122,2467,Global Core
2123,2469,Global Hub
2124,2469,Global Core
2125,2470,Global Peripheral
2126,2473,Global Spreader
2127,2477,Global Hub
2128,2477,Global Core
2129,2478,Global Spreader
2130,2479,Global Spreader
2131,2481,Global Peripheral
2132,2482,Global Hub
2133,2482,Global Core
2134,2483,Global Peripheral
2135,2484,Global Hub
2136,2484,Global Core
2137,2485,Global Hub
2138,2485,Global Core
2139,2487,Global Peripheral
2140,2492,Global Hub
2141,2492,Global Core
2142,2493,Global Peripheral
2143,2495,Global Hub
2144,2495,Global Core
2145,2500,Global Hub
2146,2500,Global Core
2147,2504,Global Hub
2148,2504,Global Core
2149,2505,Global Peripheral
2150,2506,Global Hub
2151,2506,Global Core
2152,2507,Global Hub
2153,2507,Global Core
2154,2514,Global Peripheral
2155,2517,Global Peripheral
2156,2518,Global Spreader
2157,2520,Global Hub
2158,2520,Global Core
2159,2521,Global Hub
2160,2521,Global Core
2161,2526,Global Hub
2162,2526,Global Core
2163,2527,Global Peripheral
2164,2528,Global Peripheral
2165,2535,Global Peripheral
2166,2536,Global Spreader
2167,2537,Global Spreader
2168,2539,Global Hub
2169,2539,Global Core
2170,2541,Global Peripheral
2171,2545,Global Peripheral
2172,2546,Global Hub
2173,2546,Global Core
2174,2548,Global Peripheral
2175,2549,Global Hub
2176,2549,Global Core
2177,2550,Global Hub
2178,2550,Global Core
2179,2551,Global Hub
2180,2551,Global Core
2181,2552,Global Hub
2182,2552,Global Core
2183,2553,Global Hub
2184,2553,Global Core
2185,2556,Global Hub
2186,2556,Global Core
2187,2558,Global Peripheral
2188,2559,Global Hub
2189,2559,Global Core
2190,2560,Global Hub
2191,2560,Global Core
2192,2561,Global Hub
2193,2561,Global Core
2194,2563,Global Core
2195,2564,Global Hub
2196,2564,Global Core
2197,2565,Global Peripheral
2198,2569,Global Peripheral
2199,2573,Global Hub
2200,2573,Global Core
2201,2575,Global Hub
2202,2575,Global Core
2203,2576,Global Spreader
2204,2578,Global Hub
2205,2578,Global Core
2206,2579,Global Hub
2207,2579,Global Core
2208,2580,Global Peripheral
2209,2586,Global Hub
2210,2586,Global Core
2211,2590,Global Hub
2212,2590,Global Core
2213,2593,Global Hub
2214,2593,Global Core
2215,2595,Global Peripheral
2216,2596,Global Peripheral
2217,2600,Global Hub
2218,2600,Global Core
2219,2601,Global Hub
2220,2601,Global Core
2221,2602,Global Hub
2222,2602,Global Core
2223,2603,Global Spreader
2224,2604,Global Hub
2225,2604,Global Core
2226,2607,Global Hub
2227,2607,Global Core
2228,2611,Global Hub
2229,2611,Global Core
2230,2615,Global Hub
2231,2615,Global Core
2232,2619,Global Hub
2233,2619,Global Core
2234,2621,Global Peripheral
2235,2623,Global Hub
2236,2623,Global Core
2237,2624,Global Hub
2238,2624,Global Core
2239,2625,Global Hub
2240,2625,Global Core
2241,2630,Global Hub
2242,2630,Global Core
2243,2631,Global Hub
2244,2631,Global Core
2245,2632,Global Peripheral
2246,2634,Global Peripheral
2247,2638,Global Hub
2248,2638,Global Core
2249,2646,Global Hub
2250,2646,Global Core
2251,2651,Global Peripheral
2252,2652,Global Spreader
2253,2654,Global Hub
2254,2654,Global Core
2255,2655,Global Hub
2256,2655,Global Core
2257,3439,Global Peripheral
2258,3441,Global Peripheral
2259,3444,Global Peripheral
2260,3445,Global Peripheral
2261,3446,Global Peripheral
2262,3447,Global Peripheral
2263,3451,Global Peripheral
2264,3453,Global Peripheral
2265,3457,Global Peripheral
2266,3461,Global Peripheral
2267,3467,Global Peripheral
2268,3477,Global Peripheral
2269,3489,Global Peripheral
2270,3490,Global Peripheral
2271,3492,Global Peripheral
2272,3494,Global Peripheral
2273,3502,Global Peripheral
2274,3504,Global Peripheral
2275,3507,Global Peripheral
2276,3513,Global Peripheral
2277,3515,Global Peripheral
2278,3522,Global Peripheral
2279,3530,Global Peripheral
2280,3531,Global Peripheral
2281,3536,Global Peripheral
2282,3537,Global Peripheral
2283,3539,Global Peripheral
2284,3543,Global Peripheral
2285,3544,Global Peripheral
2286,3546,Global Peripheral
2287,3547,Global Peripheral
2288,3548,Global Peripheral
2289,3549,Global Peripheral
2290,3551,Global Peripheral
2291,3552,Global Peripheral
2292,3560,Global Peripheral
2293,3565,Global Peripheral
2294,3566,Global Peripheral
2295,3570,Global Peripheral
2296,3572,Global Peripheral
2297,3575,Global Peripheral
2298,3580,Global Peripheral
2299,3582,Global Peripheral
2300,3583,Global Peripheral
2301,3585,Global Peripheral
2302,3588,Global Peripheral
2303,3589,Global Peripheral
2304,3597,Global Peripheral
2305,3600,Global Peripheral
2306,3603,Global Peripheral
2307,3606,Global Peripheral
2308,3607,Global Peripheral
2309,3610,Global Peripheral
2310,3614,Global Peripheral
2311,3616,Global Peripheral
2312,3619,Global Peripheral
2313,3624,Global Peripheral
2314,3632,Global Peripheral
2315,3637,Global Peripheral
2316,3638,Global Peripheral
2317,3647,Global Peripheral
2318,3650,Global Peripheral
2319,3652,Global Peripheral
2320,3653,Global Peripheral
2321,3659,Global Peripheral
2322,3660,Global Peripheral
2323,3661,Global Peripheral
2324,3662,Global Peripheral
2325,3664,Global Peripheral
2326,3665,Global Peripheral
2327,3666,Global Peripheral
2328,3669,Global Peripheral
2329,3671,Global Peripheral
2330,3673,Global Peripheral
2331,3676,Global Peripheral
2332,3678,Global Peripheral
2333,3679,Global Peripheral
2334,3682,Global Peripheral
2335,3686,Global Peripheral
2336,3688,Global Peripheral
2337,3689,Global Peripheral
2338,3691,Global Peripheral
2339,3694,Global Peripheral
2340,3699,Global Peripheral
2341,3700,Global Peripheral
2342,3704,Global Peripheral
2343,3709,Global Peripheral
2344,3712,Global Peripheral
2345,3716,Global Peripheral
2346,3717,Global Peripheral
2347,3720,Global Peripheral
2348,3724,Global Peripheral
2349,3727,Global Peripheral
2350,3729,Global Peripheral
2351,3732,Global Peripheral
2352,3733,Global Peripheral
2353,3742,Global Peripheral
2354,3744,Global Peripheral
2355,3745,Global Peripheral
2356,3746,Global Peripheral
2357,3748,Global Peripheral
2358,3749,Global Peripheral
2359,3751,Global Peripheral
2360,3754,Global Peripheral
2361,3755,Global Peripheral
2362,3765,Global Peripheral
2363,3767,Global Peripheral
2364,3770,Global Peripheral
2365,3771,Global Peripheral
2366,3772,Global Peripheral
2367,3775,Global Peripheral
2368,3781,Global Peripheral
2369,3787,Global Peripheral
2370,3789,Global Peripheral
2371,3795,Global Peripheral
2372,3798,Global Peripheral
2373,3799,Global Peripheral
2374,3801,Global Peripheral
2375,3805,Global Peripheral
2376,3806,Global Peripheral
2377,3807,Global Peripheral
2378,3808,Global Peripheral
2379,3811,Global Peripheral
2380,3812,Global Peripheral
2381,3813,Global Peripheral
2382,3814,Global Peripheral
2383,3816,Global Peripheral
2384,3820,Global Peripheral
2385,3827,Global Peripheral
2386,3834,Global Peripheral
2387,3839,Global Peripheral
2388,3843,Global Peripheral
2389,3844,Global Peripheral
2390,3846,Global Peripheral
2391,3847,Global Peripheral
2392,3848,Global Peripheral
2393,3849,Global Peripheral
2394,3853,Global Peripheral
2395,3854,Global Peripheral
2396,3856,Global Peripheral
2397,3859,Global Peripheral
2398,3863,Global Peripheral
2399,3864,Global Peripheral
2400,3865,Global Peripheral
2401,3871,Global Peripheral
2402,3875,Global Peripheral
2403,3876,Global Peripheral
2404,3879,Global Peripheral
2405,3880,Global Peripheral
2406,3882,Global Peripheral
2407,3885,Global Peripheral
2408,3887,Global Peripheral
2409,3888,Global Peripheral
2410,3890,Global Peripheral
2411,3893,Global Peripheral
2412,3894,Global Peripheral
2413,3897,Global Peripheral
2414,3899,Global Peripheral
2415,3901,Global Peripheral
2416,3904,Global Peripheral
2417,3905,Global Peripheral
2418,3908,Global Peripheral
2419,3910,Global Peripheral
2420,3911,Global Peripheral
2421,3914,Global Peripheral
2422,3916,Global Peripheral
2423,3922,Global Peripheral
2424,3923,Global Peripheral
2425,3925,Global Peripheral
2426,3928,Global Peripheral
2427,3932,Global Peripheral
2428,3934,Global Peripheral
2429,3935,Global Peripheral
2430,3936,Global Peripheral
2431,3939,Global Peripheral
2432,3941,Global Peripheral
2433,3942,Global Peripheral
2434,3946,Global Peripheral
2435,3949,Global Peripheral
2436,3950,Global Peripheral
2437,3952,Global Peripheral
2438,3953,Global Peripheral
2439,3954,Global Peripheral
2440,3955,Global Peripheral
2441,3958,Global Peripheral
2442,3959,Global Peripheral
2443,3963,Global Peripheral
2444,3965,Global Peripheral
2445,3970,Global Peripheral
2446,3973,Global Peripheral
2447,3974,Global Peripheral
2448,3977,Global Peripheral
2449,3978,Global Peripheral
2450,3979,Global Peripheral
2451,3981,Global Peripheral
2452,3982,Global Peripheral
2453,3983,Global Peripheral
2454,3984,Global Peripheral
2455,3985,Global Peripheral
2456,3986,Global Peripheral
2457,3987,Global Peripheral
2458,3988,Global Peripheral
2459,3990,Global Peripheral
2460,3991,Global Peripheral
2461,3992,Global Peripheral
2462,3993,Global Peripheral
2463,3994,Global Peripheral
2464,3995,Global Peripheral
2465,3996,Global Peripheral
2466,3997,Global Peripheral
2467,3998,Global Peripheral
2468,3999,Global Peripheral
2469,4000,Global Peripheral
2470,4001,Global Peripheral
2471,4002,Global Peripheral
2472,4003,Global Peripheral
2473,4004,Global Peripheral
2474,4005,Global Peripheral
2475,4006,Global Peripheral
2476,4007,Global Peripheral
2477,4008,Global Peripheral
2478,4009,Global Peripheral
2479,4010,Global Peripheral
2480,4012,Global Peripheral
2481,4013,Global Peripheral
2482,4014,Global Peripheral
2483,4015,Global Peripheral
2484,4016,Global Peripheral
2485,4017,Global Peripheral
2486,4018,Global Peripheral
2487,4019,Global Peripheral
2488,4020,Global Peripheral
2489,4021,Global Peripheral
2490,4022,Global Peripheral
2491,4023,Global Peripheral
2492,4024,Global Peripheral
2493,4025,Global Peripheral
2494,4026,Global Peripheral
2495,4027,Global Peripheral
2496,4028,Global Peripheral
2497,4029,Global Peripheral
2498,4030,Global Peripheral
2499,4032,Global Peripheral
2500,4033,Global Peripheral
2501,4034,Global Peripheral
2502,4035,Global Peripheral
2503,4036,Global Peripheral
2504,4037,Global Peripheral
2505,4038,Global Peripheral
